value,total_removed,ground_removed,cone_removed,unassigned_removed
32.000000,0.439939,0.000000,0.007921,0.007921
256.000000,0.949831,0.000000,0.027144,0.027144
