value,total_removed,ground_removed,cone_removed,unassigned_removed
64.000000,0.484554,0.000000,0.017456,0.017456
512.000000,0.937489,0.000000,0.029638,0.029638
