value,total_removed,ground_removed,cone_removed,unassigned_removed
-10.000000,0.477874,0.000000,0.011395,0.011395
10.000000,0.919665,0.000000,0.023720,0.023720
