value,total_removed,ground_removed,cone_removed,unassigned_removed
0.010000,0.113551,0.000000,0.019821,0.019821
5.000000,0.925364,0.000000,0.037171,0.037171
