value,total_removed,ground_removed,cone_removed,unassigned_removed
0.010000,0.467855,0.000000,0.014432,0.014432
10.000000,0.931463,0.000000,0.026177,0.026177
