value,total_removed,ground_removed,cone_removed,unassigned_removed
0.100000,0.441827,0.000000,0.012324,0.012324
5.000000,0.883617,0.000000,0.024650,0.024650
