value,total_removed,ground_removed,cone_removed,unassigned_removed
-10.000000,0.441790,0.000000,0.012325,0.012325
5.000000,0.883581,0.000000,0.024651,0.024651
