value,total_removed,ground_removed,cone_removed,unassigned_removed
0.000100,0.472865,0.000000,0.011515,0.011515
5.000000,0.477729,0.000000,0.011515,0.011515
